id,reg_number,timestamp,latitude,longitude,distance,ignition,current_speed,prev_avg_speed,fuel_efficiency,fuel_type,carbon_emissions
1,001,2024-04-04 09:30:00,52.48987326855226,-1.8637231154044838,0.0,On,56.299836712809075,0.0,14.613062273284477,Diesel,0.0
2,001,2024-04-04 09:35:00,52.490418906366266,-1.8986420242347157,2.5742581416133317,Off,0.0,30.89109769935998,14.613062273284477,Diesel,0.47211266813913916
3,001,2024-04-04 09:40:00,52.49109813558493,-1.8774322037048892,3.542229828139664,On,2.2840922366979637,42.50675793767597,14.613062273284477,Diesel,0.6496363159123515
4,001,2024-04-04 09:45:00,52.48978285584771,-1.8615305448234964,2.5499494796972564,On,32.65258897635486,30.59939375636708,14.613062273284477,Diesel,0.46765451879872455
5,001,2024-04-04 09:50:00,52.49554376006512,-1.9119148263921624,4.627111858911077,On,28.372860226849877,55.52534230693292,14.613062273284477,Diesel,0.8486010358384981
6,001,2024-04-04 09:55:00,52.49635065533134,-1.8615645229044004,3.773195620817547,On,33.318142522922734,45.27834744981057,14.613062273284477,Diesel,0.6919948792853658
7,001,2024-04-04 10:00:00,52.46956517752912,-1.8909077678497852,3.6994244355759807,On,63.75344676844793,44.39309322691177,14.613062273284477,Diesel,0.6784654237373084
8,001,2024-04-04 10:05:00,52.46534705150301,-1.914141264934582,1.8890672526671564,On,45.082950721603616,22.668807032005876,14.613062273284477,Diesel,0.3464503293333377
9,001,2024-04-04 10:10:00,52.48482444049381,-1.922313473073915,2.5294093230793018,On,45.845180945769485,30.352911876951623,14.613062273284477,Diesel,0.46388750414384583
10,001,2024-04-04 10:15:00,52.49706028758979,-1.911900834600462,1.2995673656240374,On,38.911366904088005,15.594808387488449,14.613062273284477,Diesel,0.23833748701938615
11,002,2024-04-01 04:35:00,52.49646085139716,-1.8732364582748968,0.0,Off,0.0,0.0,15.256499560622961,Petrol,0.0
12,002,2024-04-01 04:40:00,52.48391720509681,-1.886470070582212,0.8197700417965667,On,49.11885988908878,9.837240501558801,15.256499560622961,Petrol,0.1241221021260755
13,002,2024-04-01 04:45:00,52.46154418627201,-1.9193526490716244,1.5794450498232728,On,8.348201215071601,18.953340597879276,15.256499560622961,Petrol,0.23914516240072453
14,002,2024-04-01 04:50:00,52.49291915419254,-1.8620295792894868,0.9122151005736623,On,13.909713508180543,10.946581206883948,15.256499560622961,Petrol,0.13811928968056922
15,002,2024-04-01 04:55:00,52.48407966833501,-1.8841130473880214,1.139547087757315,On,26.651463412357984,13.67456505308778,15.256499560622961,Petrol,0.17253982555169506
16,002,2024-04-01 05:00:00,52.47382032805993,-1.9185125594681682,2.7873364406567105,Off,0.0,33.44803728788053,15.256499560622961,Petrol,0.4220330589157826
17,002,2024-04-01 05:05:00,52.47645808064732,-1.8858998007920729,1.326556968317863,On,60.3195867565848,15.918683619814358,15.256499560622961,Petrol,0.20085515583950497
18,002,2024-04-01 05:10:00,52.4620588762342,-1.8923412592440156,1.8034721643255016,On,31.771109797297832,21.641665971906022,15.256499560622961,Petrol,0.2730653045961088
19,002,2024-04-01 05:15:00,52.477779301166024,-1.918049341158543,0.5578058046116258,On,5.6332316505558255,6.69366965533951,15.256499560622961,Petrol,0.08445786686079397
20,002,2024-04-01 05:20:00,52.468502880018264,-1.9286489112992058,0.4076226588784347,On,60.67795696452749,4.891471906541216,15.256499560622961,Petrol,0.06171850484232151
21,003,2024-04-05 16:10:00,52.46335652897042,-1.8798192701290304,0.0,On,20.29138876773959,0.0,13.265660934870162,Diesel,0.0
22,003,2024-04-05 16:15:00,52.49299511012063,-1.9181216346615595,2.301938122854366,On,60.52077941965243,27.623257474252394,13.265660934870162,Diesel,0.4650498908074257
23,003,2024-04-05 16:20:00,52.46154184361131,-1.9031026192508085,1.5354383328311352,On,55.84413995371493,18.425259993973622,13.265660934870162,Diesel,0.3101974905125764
24,003,2024-04-05 16:25:00,52.460285062572176,-1.886964777084689,1.5755613778545203,On,59.36697211985258,18.906736534254247,13.265660934870162,Diesel,0.3183033633515255
25,003,2024-04-05 16:30:00,52.485061894459974,-1.9199077567795086,2.533680768553219,On,51.79006388234854,30.404169222638632,13.265660934870162,Diesel,0.511867783524733
26,003,2024-04-05 16:35:00,52.49784531318899,-1.860824339600778,3.180915759838361,On,0.849695762551998,38.170989118060334,13.265660934870162,Diesel,0.6426256692539416
27,003,2024-04-05 16:40:00,52.49395800610009,-1.8913883253747323,2.1050639685323658,On,32.79327091439471,25.26076762238839,13.265660934870162,Diesel,0.4252763178076779
28,003,2024-04-05 16:45:00,52.470532055860566,-1.9258189326086976,2.4031966957768405,On,6.482413310196428,28.838360349322087,13.265660934870162,Diesel,0.48550669101998795
29,003,2024-04-05 16:50:00,52.468801305633214,-1.9112640960786758,3.487210610584772,On,61.518189846550456,41.84652732701727,13.265660934870162,Diesel,0.7045049984506228
30,003,2024-04-05 16:55:00,52.494093539701886,-1.889063553932896,0.13840300850832304,On,13.630045959213268,1.6608361020998765,13.265660934870162,Diesel,0.027960918390979226
31,004,2024-04-01 14:05:00,52.491923774379785,-1.8614597720184738,0.0,On,32.57177714834464,0.0,17.8214963388345,Petrol,0.0
32,004,2024-04-01 14:10:00,52.47377978363965,-1.9261414408160362,3.706873325719996,On,11.343727797613084,44.48247990863996,17.8214963388345,Petrol,0.48048027054574427
33,004,2024-04-01 14:15:00,52.48581617600876,-1.9099860033607277,1.7791600588709315,Off,0.0,21.34992070645118,17.8214963388345,Petrol,0.23061249503702622
34,004,2024-04-01 14:20:00,52.483478641643615,-1.9144778165792544,1.5650893859811246,On,23.65741169089333,18.781072631773498,17.8214963388345,Petrol,0.20286492294916
35,004,2024-04-01 14:25:00,52.462505640799804,-1.907625695431755,2.7018764704287443,On,9.225905032528354,32.422517645144936,17.8214963388345,Petrol,0.35021383883967255
36,004,2024-04-01 14:30:00,52.46324155704449,-1.927036183576885,2.26059424759057,On,52.872153145314925,27.127130971086842,17.8214963388345,Petrol,0.29301539066363974
37,004,2024-04-01 14:35:00,52.467265477122076,-1.8928127792390756,2.572906755445428,On,61.4672033394405,30.87488106534514,17.8214963388345,Petrol,0.33349694616426523
38,004,2024-04-01 14:40:00,52.49845476566579,-1.920781574157605,3.923481529194673,On,34.7813920817469,47.08177835033608,17.8214963388345,Petrol,0.508556754164921
39,004,2024-04-01 14:45:00,52.47439034274091,-1.9084550714705182,4.328458413154104,On,33.808431721869034,51.94150095784925,17.8214963388345,Petrol,0.5610493498572232
40,004,2024-04-01 14:50:00,52.46020739602575,-1.897212647453195,2.3958078695286598,On,4.822401753715418,28.74969443434392,17.8214963388345,Petrol,0.3105416107261137
41,005,2024-04-05 05:25:00,52.47383266596121,-1.8888324278137683,0.0,On,60.41842230073818,0.0,18.57299507741106,Diesel,0.0
42,005,2024-04-05 05:30:00,52.495566803808586,-1.905073773330528,0.4073817781760107,On,57.66272202753735,4.888581338112129,18.57299507741106,Diesel,0.05878336590093445
43,005,2024-04-05 05:35:00,52.49925245691516,-1.8748698183266819,3.5141456445093384,On,39.71393938813907,42.169747734112065,18.57299507741106,Diesel,0.5070754764124891
44,005,2024-04-05 05:40:00,52.483625559965105,-1.8804385316721883,0.8936067109748708,On,36.81627059266282,10.72328053169845,18.57299507741106,Diesel,0.12894344587025436
45,005,2024-04-05 05:45:00,52.478744284427144,-1.9028050621637207,1.5183688068776227,On,40.269007148868255,18.220425682531474,18.57299507741106,Diesel,0.2190938179583715
46,005,2024-04-05 05:50:00,52.46911510549568,-1.8801641569336272,1.0284032791245052,On,26.502640433346823,12.340839349494063,18.57299507741106,Diesel,0.14839398689152386
47,005,2024-04-05 05:55:00,52.476097661561724,-1.9022014677761307,1.1449260615641106,On,2.129490613944136,13.739112738769327,18.57299507741106,Diesel,0.16520770248432806
48,005,2024-04-05 06:00:00,52.477462635474744,-1.926791669449868,3.105986788429247,Off,0.0,37.27184146115096,18.57299507741106,Diesel,0.44817998165057893
49,005,2024-04-05 06:05:00,52.47282983293415,-1.915533939318164,3.82703188108667,On,16.568711174363333,45.92438257304004,18.57299507741106,Diesel,0.5522235589124999
50,005,2024-04-05 06:10:00,52.493114260312865,-1.9123148269876784,1.2288072721961016,On,15.191132795900284,14.74568726635322,18.57299507741106,Diesel,0.17731138546904743
51,006,2024-04-05 20:05:00,52.489535578949614,-1.921565687390158,0.0,On,43.47096782763113,0.0,21.22885949540204,Diesel,0.0
52,006,2024-04-05 20:10:00,52.48350046579892,-1.8649044562529962,1.9465077012480052,On,36.15383522176985,23.358092414976063,21.22885949540204,Diesel,0.2457334385049996
53,006,2024-04-05 20:15:00,52.4762290483849,-1.9226736630452899,3.7941304933093356,Off,0.0,45.52956591971203,21.22885949540204,Diesel,0.47898332570675145
54,006,2024-04-05 20:20:00,52.46460228089662,-1.8730426822046544,2.5260804557297574,Off,0.0,30.31296546875709,21.22885949540204,Diesel,0.3189005807317177
55,006,2024-04-05 20:25:00,52.4749107534727,-1.9257630190405903,4.014700758670498,On,32.513485289600844,48.17640910404598,21.22885949540204,Diesel,0.5068288306099211
56,006,2024-04-05 20:30:00,52.46577740154212,-1.899009721690876,4.525935418282553,On,8.043715965598217,54.31122501939064,21.22885949540204,Diesel,0.5713687503383954
57,006,2024-04-05 20:35:00,52.47601983317342,-1.8647067782628133,3.9956372785348657,On,21.250101247452122,47.94764734241839,21.22885949540204,Diesel,0.5044221951156986
58,006,2024-04-05 20:40:00,52.48741782388956,-1.8951247372584883,3.2060577585327805,On,15.05138709885763,38.47269310239337,21.22885949540204,Diesel,0.4047431184293647
59,006,2024-04-05 20:45:00,52.46769033621692,-1.899378507581517,1.4687207720184494,On,17.195555659228678,17.624649264221393,21.22885949540204,Diesel,0.18541606862403417
60,006,2024-04-05 20:50:00,52.48522527116672,-1.914198383833488,1.9770654475790437,On,36.758047184564354,23.724785370948524,21.22885949540204,Diesel,0.24959114740287613
61,007,2024-04-01 07:45:00,52.46207063728509,-1.8681144364309237,0.0,On,57.468530456491514,0.0,20.333853565662523,Petrol,0.0
62,007,2024-04-01 07:50:00,52.46394075422178,-1.9120873119034965,0.8038940594343787,On,7.326048098971031,9.646728713212546,20.333853565662523,Petrol,0.0913253000124529
63,007,2024-04-01 07:55:00,52.47312166971671,-1.905617936777755,0.9207049851117268,Off,0.0,11.048459821340723,20.333853565662523,Petrol,0.10459544762334833
64,007,2024-04-01 08:00:00,52.471643396872516,-1.9285020848646863,1.3590513263854143,On,47.35674424989181,16.308615916624973,20.333853565662523,Petrol,0.15439319230919316
65,007,2024-04-01 08:05:00,52.49408422742561,-1.8966473039839158,3.601497107532567,On,30.498823139776754,43.21796529039081,20.333853565662523,Petrol,0.4091432197804934
66,007,2024-04-01 08:10:00,52.483048401801305,-1.9210711263381557,1.5571811740076316,On,21.72944860338773,18.68617408809158,20.333853565662523,Petrol,0.17690146633257844
67,007,2024-04-01 08:15:00,52.489412147440085,-1.8662445220467359,3.2530400024975332,On,53.35439449939791,39.0364800299704,20.333853565662523,Petrol,0.36955722049946127
68,007,2024-04-01 08:20:00,52.487703334800315,-1.9261392174676877,3.4708992090115056,On,23.800632169446622,41.65079050813807,20.333853565662523,Petrol,0.39430682172099835
69,007,2024-04-01 08:25:00,52.47354137582926,-1.8601734928592741,3.887125327205999,On,54.62199999265319,46.64550392647199,20.333853565662523,Petrol,0.44159162830841864
70,007,2024-04-01 08:30:00,52.497301591801886,-1.9257231685525278,4.081715628081148,On,44.41922524223534,48.98058753697378,20.333853565662523,Petrol,0.46369779689914087
71,008,2024-04-02 08:30:00,52.466375733168206,-1.9117224113215068,0.0,On,8.235595693307822,0.0,16.823974924658835,Diesel,0.0
72,008,2024-04-02 08:35:00,52.48571174358551,-1.8646282327978152,3.2452737858965084,On,50.08598976847918,38.9432854307581,16.823974924658835,Diesel,0.5169606936024966
73,008,2024-04-02 08:40:00,52.46969793679569,-1.8955963725802627,3.0910979304464568,On,49.450673240642224,37.093175165357486,16.823974924658835,Diesel,0.492401022391829
74,008,2024-04-02 08:45:00,52.47970177930209,-1.8726142711282172,2.2732389142332514,On,47.85027115857612,27.27886697079902,16.823974924658835,Diesel,0.362118959248785
75,008,2024-04-02 08:50:00,52.470191846998965,-1.9223799372317831,1.9752496036117269,On,45.009111194564255,23.702995243340723,16.823974924658835,Diesel,0.31465031072535177
76,008,2024-04-02 08:55:00,52.47073988667466,-1.9126432087357637,1.779800703910532,On,21.239084303377208,21.357608446926385,16.823974924658835,Diesel,0.28351598881005535
77,008,2024-04-02 09:00:00,52.47241811730571,-1.9025278570551598,0.6146945388166996,Off,0.0,7.376334465800395,16.823974924658835,Diesel,0.09791867685288776
78,008,2024-04-02 09:05:00,52.4742106893962,-1.925475824300522,2.2930208429677257,On,36.37348397861113,27.51625011561271,16.823974924658835,Diesel,0.3652701508813098
79,008,2024-04-02 09:10:00,52.46979115958114,-1.9063033014877258,3.9596056749905326,Off,0.0,47.51526809988639,16.823974924658835,Diesel,0.6307512497192942
80,008,2024-04-02 09:15:00,52.49453277883869,-1.9026510384579614,2.5238827689562027,Off,0.0,30.286593227474434,16.823974924658835,Diesel,0.40204564326166736
81,009,2024-04-03 07:20:00,52.473324360841836,-1.8850002644291475,0.0,On,34.73897865324343,0.0,16.8658630744553,Diesel,0.0
82,009,2024-04-03 07:25:00,52.46158919340092,-1.8938562706363153,2.992822006812653,On,42.212121250580395,35.91386408175184,16.8658630744553,Diesel,0.47556196459379524
83,009,2024-04-03 07:30:00,52.481826281625914,-1.8917457026241566,0.9882009735645643,Off,0.0,11.858411682774772,16.8658630744553,Diesel,0.157025975929107
84,009,2024-04-03 07:35:00,52.47174915197005,-1.8907292340181299,2.2230533819616074,On,54.5048124417504,26.67664058353929,16.8658630744553,Diesel,0.35324507482102396
85,009,2024-04-03 07:40:00,52.48316816624041,-1.880621474936397,2.0245952531553226,On,55.13357310691912,24.295143037863873,16.8658630744553,Diesel,0.32170990921147985
86,009,2024-04-03 07:45:00,52.4782086373717,-1.8987208499784196,2.586208073668399,On,22.635050745292332,31.03449688402079,16.8658630744553,Diesel,0.4109506644773442
87,009,2024-04-03 07:50:00,52.480361033551844,-1.8846482400498703,3.0836486988404195,On,12.192335714121215,37.00378438608504,16.8658630744553,Diesel,0.4899944032753998
88,009,2024-04-03 07:55:00,52.495430909437864,-1.8816717147414868,1.1107544922476724,On,35.619515621034026,13.329053906972069,16.8658630744553,Diesel,0.1764998343744648
89,009,2024-04-03 08:00:00,52.46836417255603,-1.9149094736672407,2.719589409432153,On,8.283106298161682,32.63507291318584,16.8658630744553,Diesel,0.43214507227425475
90,009,2024-04-03 08:05:00,52.46252598313612,-1.863503373653263,0.5800526103529668,On,21.308881077956535,6.960631324235602,16.8658630744553,Diesel,0.09217085356873483
91,010,2024-04-02 09:35:00,52.47232386482008,-1.9007120005666767,0.0,On,54.843883822992034,0.0,16.305787168933858,Petrol,0.0
92,010,2024-04-02 09:40:00,52.49047327469058,-1.92744230277903,2.827114588283011,On,3.9139938369040292,33.92537505939614,16.305787168933858,Petrol,0.40051023794644297
93,010,2024-04-02 09:45:00,52.462670166586214,-1.8789003154068682,4.698014873282811,On,2.757908809953153,56.37617847939374,16.305787168933858,Petrol,0.6655559921669744
94,010,2024-04-02 09:50:00,52.49164519588089,-1.8675956779870784,3.4573981614193534,On,61.90006226824347,41.488777937032246,16.305787168933858,Petrol,0.4898009320331944
95,010,2024-04-02 09:55:00,52.49730227530621,-1.890925107262679,2.7994364557374145,On,5.642787609712942,33.593237468848976,16.305787168933858,Petrol,0.3965891462801577
96,010,2024-04-02 10:00:00,52.480135371837804,-1.8756948990482456,4.423819987976166,Off,0.0,53.08583985571399,16.305787168933858,Petrol,0.6267114899975177
97,010,2024-04-02 10:05:00,52.46678642656255,-1.8748067227662941,0.4959316858425137,On,37.50683032510644,5.951180230110165,16.305787168933858,Petrol,0.07025739894844409
98,010,2024-04-02 10:10:00,52.496052867306645,-1.9019460942620696,0.9062213790671649,On,24.682625428981506,10.87465654880598,16.305787168933858,Petrol,0.1283821114526435
99,010,2024-04-02 10:15:00,52.471533654263226,-1.8796250934170176,3.054845620895611,On,4.668487588281531,36.658147450747336,16.305787168933858,Petrol,0.432772322560019
100,010,2024-04-02 10:20:00,52.47186232930536,-1.8696888768734972,1.546215754938968,On,40.61613076348426,18.554589059267617,16.305787168933858,Petrol,0.21904851062413033
101,011,2024-04-05 05:20:00,52.4746638291018,-1.8791336523972946,0.0,On,17.767198740747443,0.0,16.698451648649094,Petrol,0.0
102,011,2024-04-05 05:25:00,52.47410887889706,-1.8630349326127909,1.4354423862388443,On,53.99875042166804,17.225308634866135,16.698451648649094,Petrol,0.1985736152058137
103,011,2024-04-05 05:30:00,52.49226164937026,-1.878640879977354,4.917027613337202,On,15.92993479530098,59.00433136004643,16.698451648649094,Petrol,0.6802028131588971
104,011,2024-04-05 05:35:00,52.46018107608244,-1.866551054796448,0.5876377472442745,On,4.559405263766234,7.051652966931295,16.698451648649094,Petrol,0.08129156072048702
105,011,2024-04-05 05:40:00,52.499537214828734,-1.8983106641385792,2.5152228802193615,On,45.05832863556662,30.18267456263234,16.698451648649094,Petrol,0.3479463231416889
106,011,2024-04-05 05:45:00,52.46053244215703,-1.9188970346454948,1.7966248511694045,On,30.88292614146366,21.559498214032857,16.698451648649094,Petrol,0.24853821740634713
107,011,2024-04-05 05:50:00,52.48508778051343,-1.8905308784642991,4.280122021646163,On,22.046525781390198,51.36146425975395,16.698451648649094,Petrol,0.5920957270791332
108,011,2024-04-05 05:55:00,52.4742905234733,-1.8746950600809302,2.711319785682235,On,19.92223238157421,32.535837428186824,16.698451648649094,Petrol,0.3750736198007108
109,011,2024-04-05 06:00:00,52.484762298537646,-1.8677944675326468,0.8122971266657961,On,16.49225977834607,9.747565519989553,16.698451648649094,Petrol,0.1123700808960806
110,011,2024-04-05 06:05:00,52.46258681885154,-1.8917633647535066,3.019282332427173,On,46.05429696916861,36.23138798912608,16.698451648649094,Petrol,0.41767598186092963
111,012,2024-04-07 16:35:00,52.46767237484915,-1.92044826054372,0.0,On,17.66939534345915,0.0,15.694330790997334,Petrol,0.0
112,012,2024-04-07 16:40:00,52.485629674118556,-1.8747302230596115,4.027704653512974,On,21.61819625557468,48.332455842155696,15.694330790997334,Petrol,0.592825388576108
113,012,2024-04-07 16:45:00,52.49705006248005,-1.9275900882273407,3.5792699516288082,On,33.3645355656297,42.9512394195457,15.694330790997334,Petrol,0.5268216720018
114,012,2024-04-07 16:50:00,52.484710502766724,-1.9228940084291544,2.491044793265183,Off,0.0,29.892537519182195,15.694330790997334,Petrol,0.366649177277657
115,012,2024-04-07 16:55:00,52.47546867355556,-1.8686259703796013,1.5614803840131215,On,1.8920134635196466,18.73776460815746,15.694330790997334,Petrol,0.2298294674112125
116,012,2024-04-07 17:00:00,52.48498526650061,-1.8993805476595713,1.520239106054761,Off,0.0,18.242869272657135,15.694330790997334,Petrol,0.22375929128503702
117,012,2024-04-07 17:05:00,52.47984592691186,-1.8997038569475957,1.6963701828689277,On,46.92162274306146,20.356442194427135,15.694330790997334,Petrol,0.24968347963425366
118,012,2024-04-07 17:10:00,52.49083083018837,-1.8911710775642165,0.9028038139404674,On,0.16690061739994932,10.83364576728561,15.694330790997334,Petrol,0.13288090062424082
119,012,2024-04-07 17:15:00,52.4837434026987,-1.8874257658779823,1.9218290345715965,On,62.577690265817594,23.06194841485916,15.694330790997334,Petrol,0.2828680705778774
120,012,2024-04-07 17:20:00,52.46606561082901,-1.9230208970720222,2.6768178524559767,On,24.468899377966284,32.121814229471724,15.694330790997334,Petrol,0.39399253918620664
121,013,2024-04-04 10:15:00,52.498308523157654,-1.9093236353021785,0.0,On,61.093325272551574,0.0,15.387320871024272,Petrol,0.0
122,013,2024-04-04 10:20:00,52.484768690094995,-1.8620493159605662,2.4748663264858037,On,7.110429245908857,29.698395917829647,15.387320871024272,Petrol,0.37153584188575206
123,013,2024-04-04 10:25:00,52.498069424289895,-1.9228749516704546,2.7032476754599375,On,55.12753995943987,32.438972105519255,15.387320871024272,Petrol,0.40582127211446034
124,013,2024-04-04 10:30:00,52.487772127959154,-1.8886893546033985,5.161805499171652,On,7.079149186113628,61.941665990059825,15.387320871024272,Petrol,0.7749088228568797
125,013,2024-04-04 10:35:00,52.46010967174974,-1.9017336136752359,2.5757953282983204,On,38.822932609589664,30.909543939579844,15.387320871024272,Petrol,0.38668766695920903
126,013,2024-04-04 10:40:00,52.48630911675027,-1.9168997322570978,1.884397278151758,On,8.868410401822743,22.612767337821097,15.387320871024272,Petrol,0.2828925027960896
127,013,2024-04-04 10:45:00,52.48855794200703,-1.8654411786890865,0.7177290631668976,On,15.802854797260439,8.612748758002772,15.387320871024272,Petrol,0.10774807062336708
128,013,2024-04-04 10:50:00,52.49919849744768,-1.9101497080881256,0.9617921303257886,On,62.24464413657674,11.541505563909464,15.387320871024272,Petrol,0.14438769683657604
129,013,2024-04-04 10:55:00,52.490062809082424,-1.9023881643900598,2.415089982631035,Off,0.0,28.98107979157242,15.387320871024272,Petrol,0.36256200196508465
130,013,2024-04-04 11:00:00,52.47138601757779,-1.8700167021363483,0.6489643758183912,Off,0.0,7.787572509820694,15.387320871024272,Petrol,0.09742486822143549
131,014,2024-04-04 18:25:00,52.48750056083116,-1.8966037104120017,0.0,On,33.327792478161236,0.0,14.222350489795476,Diesel,0.0
132,014,2024-04-04 18:30:00,52.482216364535695,-1.8881459197747628,1.2160699359457505,On,12.9800399875645,14.592839231349007,14.222350489795476,Diesel,0.22915111188357998
133,014,2024-04-04 18:35:00,52.479103734635274,-1.8786868649574169,0.2857165941554451,Off,0.0,3.4285991298653413,14.222350489795476,Diesel,0.05383923514513277
134,014,2024-04-04 18:40:00,52.46120170589882,-1.92863209152339,2.1388298235052647,On,54.52408002635717,25.66595788206318,14.222350489795476,Diesel,0.40303210999524025
135,014,2024-04-04 18:45:00,52.47702708792199,-1.8848156507512757,4.9757013251062725,On,49.16848971686718,59.70841590127527,14.222350489795476,Diesel,0.93760026240758
136,014,2024-04-04 18:50:00,52.46540244778161,-1.8640505862507022,2.1791862830229,On,36.24505052428699,26.150235396274798,14.222350489795476,Diesel,0.41063671175110783
137,014,2024-04-04 18:55:00,52.47648360278208,-1.9222446248584502,2.6511255622321537,Off,0.0,31.813506746785844,14.222350489795476,Diesel,0.49956696763168756
138,014,2024-04-04 19:00:00,52.48523535710027,-1.8738553382143956,2.580766967073075,On,50.55359892302207,30.969203604876903,14.222350489795476,Diesel,0.4863088894285366
139,014,2024-04-04 19:05:00,52.485874099455216,-1.8624473042125287,0.8351440278044361,On,35.602082195204034,10.021728333653234,14.222350489795476,Diesel,0.15737103343935907
140,014,2024-04-04 19:10:00,52.489539807477065,-1.919226397441067,3.1019465451360113,Off,0.0,37.22335854163214,14.222350489795476,Diesel,0.584517780442075
141,015,2024-04-05 15:15:00,52.46022267282633,-1.9037942111087722,0.0,On,60.250381944784834,0.0,18.293171125397684,Petrol,0.0
142,015,2024-04-05 15:20:00,52.49939837024259,-1.8971341651722535,1.7226606612994642,On,58.342802322991496,20.671927935593573,18.293171125397684,Petrol,0.21753178277969304
143,015,2024-04-05 15:25:00,52.48450874764873,-1.9097957788739703,4.022909807201268,Off,0.0,48.274917686415215,18.293171125397684,Petrol,0.5079994928671999
144,015,2024-04-05 15:30:00,52.490450800367135,-1.8928745016304978,3.0202957173326257,On,53.890898754594964,36.243548607991514,18.293171125397684,Petrol,0.38139276450280796
145,015,2024-04-05 15:35:00,52.4627183884872,-1.9181267390334298,2.1328490126769872,On,53.27723283973933,25.59418815212385,18.293171125397684,Petrol,0.2693289854181437
146,015,2024-04-05 15:40:00,52.460590843966216,-1.8986233972886586,2.61208974257394,On,50.056533925521286,31.345076910887283,18.293171125397684,Petrol,0.3298458897029876
147,015,2024-04-05 15:45:00,52.464822863729054,-1.9123573396972784,2.252473483091279,On,5.8983835842158525,27.02968179709535,18.293171125397684,Petrol,0.28443476039629184
148,015,2024-04-05 15:50:00,52.486503185643166,-1.9053211736690177,0.5919773942155796,On,40.52456702763478,7.103728730586956,18.293171125397684,Petrol,0.07475291032178877
149,015,2024-04-05 15:55:00,52.470533847730216,-1.9070929985651541,1.2976610416208456,On,28.804453377763465,15.571932499450147,18.293171125397684,Petrol,0.16386426309555374
150,015,2024-04-05 16:00:00,52.47946886655815,-1.8854209737943313,1.8266027631278694,On,16.958025503330067,21.919233157534435,18.293171125397684,Petrol,0.23065724110387942
151,016,2024-04-07 08:40:00,52.47877949296002,-1.9217969712218383,0.0,On,18.38172649220107,0.0,13.967866984439532,Petrol,0.0
152,016,2024-04-07 08:45:00,52.478089625348446,-1.9117599715365892,3.130142260901266,On,3.41160331397219,37.56170713081519,13.967866984439532,Petrol,0.5176616179647889
153,016,2024-04-07 08:50:00,52.477404459139805,-1.8670222241117347,1.3068819813649635,On,31.503165842242606,15.682583776379563,13.967866984439532,Petrol,0.2161315954910062
154,016,2024-04-07 08:55:00,52.47374699409435,-1.883797696812323,3.7265765894292016,On,6.608428099928762,44.718919073150424,13.967866984439532,Petrol,0.6162996777655004
155,016,2024-04-07 09:00:00,52.498914200450415,-1.88101671266479,2.9663223553788254,On,48.005254638042864,35.595868264545906,13.967866984439532,Petrol,0.49056915050512523
156,016,2024-04-07 09:05:00,52.47704288040591,-1.914346577634631,0.6146666419751354,On,44.60035050352467,7.375999703701625,13.967866984439532,Petrol,0.10165331217317118
157,016,2024-04-07 09:10:00,52.488736688662414,-1.8792408958519118,1.2998626557646196,On,0.5680465759087577,15.598351869175435,13.967866984439532,Petrol,0.21497074235896696
158,016,2024-04-07 09:15:00,52.47821544405932,-1.929988751269508,0.869072363668651,On,23.836842293080103,10.428868364023813,13.967866984439532,Petrol,0.14372682402481643
159,016,2024-04-07 09:20:00,52.481670202726384,-1.9044879621427224,4.269773119897787,On,23.330968913448654,51.23727743877344,13.967866984439532,Petrol,0.7061332927892033
160,016,2024-04-07 09:25:00,52.468032885018275,-1.8860595411990984,1.478330059248813,On,64.78340866988346,17.73996071098576,13.967866984439532,Petrol,0.24448560690541146
161,017,2024-04-05 08:20:00,52.48172237998104,-1.8833858500601806,0.0,On,25.313420739483313,0.0,13.040621541153344,Petrol,0.0
162,017,2024-04-05 08:25:00,52.48916989628448,-1.8909234657220657,3.281495060373437,Off,0.0,39.37794072448125,13.040621541153344,Petrol,0.5812800843534198
163,017,2024-04-05 08:30:00,52.481059828054455,-1.8809396120896191,3.4303737990134837,Off,0.0,41.16448558816181,13.040621541153344,Petrol,0.6076522848787708
164,017,2024-04-05 08:35:00,52.468716344041816,-1.900352031839398,2.852176646272313,On,30.3738372723815,34.22611975526776,13.040621541153344,Petrol,0.505231137342426
165,017,2024-04-05 08:40:00,52.46020269370719,-1.9000366730893437,2.6416781689976765,On,22.13617547242593,31.70013802797212,13.040621541153344,Petrol,0.4679436905002714
166,017,2024-04-05 08:45:00,52.48116586137915,-1.9151732686404974,4.139461449573318,On,23.683772472362662,49.673537394879816,13.040621541153344,Petrol,0.73325921761768
167,017,2024-04-05 08:50:00,52.49090715960873,-1.915343409963758,2.5760003512159533,On,61.684878626510226,30.91200421459144,13.040621541153344,Petrol,0.4563096009289271
168,017,2024-04-05 08:55:00,52.48179443235561,-1.8894492017246023,2.572566610837368,On,54.469325857984515,30.870799330048417,13.040621541153344,Petrol,0.455701352292196
169,017,2024-04-05 09:00:00,52.47211013055662,-1.90188414815915,1.7879223099315218,On,19.48072108075761,21.455067719178263,13.040621541153344,Petrol,0.3167104054747792
170,017,2024-04-05 09:05:00,52.474093774851674,-1.9195355898863262,2.9832252233179624,On,29.132550386925704,35.79870267981555,13.040621541153344,Petrol,0.5284449245089444
171,018,2024-04-05 05:20:00,52.477201409876805,-1.928931716619088,0.0,On,32.86342360908908,0.0,13.006324043506197,Petrol,0.0
172,018,2024-04-05 05:25:00,52.48469304183899,-1.897873114925201,1.33096159741985,On,38.3956442493084,15.971539169038202,13.006324043506197,Petrol,0.23638664389381425
173,018,2024-04-05 05:30:00,52.461483308479416,-1.9216789301392294,1.8660163996265005,On,29.17592675789385,22.392196795518007,13.006324043506197,Petrol,0.33141553821960656
174,018,2024-04-05 05:35:00,52.49102932723568,-1.9232853850117508,1.0956311423296308,On,51.0740526507777,13.14757370795557,13.006324043506197,Petrol,0.1945905645834712
175,018,2024-04-05 05:40:00,52.486976116021964,-1.9157239043728338,3.6631338832587916,On,28.051819035112498,43.9576065991055,13.006324043506197,Petrol,0.650594221858761
176,018,2024-04-05 05:45:00,52.46031235578131,-1.874895214575571,1.9501051024559284,On,40.26174019205563,23.401261229471142,13.006324043506197,Petrol,0.3463501886931938
177,018,2024-04-05 05:50:00,52.48971027538487,-1.9168157567050361,3.3938659242290483,On,9.799297789927838,40.726391090748585,13.006324043506197,Petrol,0.6027706413237779
178,018,2024-04-05 05:55:00,52.480648702496836,-1.9268863158453944,1.7678041957459798,On,37.61863513332646,21.21365034895176,13.006324043506197,Petrol,0.3139724705084592
179,018,2024-04-05 06:00:00,52.48294181253351,-1.8682107136367538,1.4944781240019118,On,11.627145367629456,17.933737488022942,13.006324043506197,Petrol,0.2654281451774265
180,018,2024-04-05 06:05:00,52.47432058091417,-1.8923839846425434,3.7975534875039814,Off,0.0,45.57064185004778,13.006324043506197,Petrol,0.6744679378116878
181,019,2024-04-07 18:30:00,52.49599913479773,-1.926699919802849,0.0,Off,0.0,0.0,14.499611201089929,Diesel,0.0
182,019,2024-04-07 18:35:00,52.483540888411035,-1.864326432799335,3.503101280509664,On,24.10945265351012,42.03721536611597,14.499611201089929,Diesel,0.6474871154517705
183,019,2024-04-07 18:40:00,52.4683690174234,-1.8915197731965894,4.061905764693547,Off,0.0,48.742869176322564,14.499611201089929,Diesel,0.7507723688867202
184,019,2024-04-07 18:45:00,52.46634368019969,-1.8784057977026798,2.2088593492247743,On,7.927032705966104,26.506312190697294,14.499611201089929,Diesel,0.4082690889999458
185,019,2024-04-07 18:50:00,52.46446186307429,-1.915067169507732,2.313873941190705,On,43.05151131906462,27.76648729428846,14.499611201089929,Diesel,0.42767920300683304
186,019,2024-04-07 18:55:00,52.46380990337397,-1.8760403940581833,0.6903438032291769,On,24.503889757498943,8.284125638750123,14.499611201089929,Diesel,0.12759800018052356
187,019,2024-04-07 19:00:00,52.49849245386904,-1.8730370900170754,2.561990546979405,On,52.83167454931206,30.743886563752863,14.499611201089929,Diesel,0.47353922603032844
188,019,2024-04-07 19:05:00,52.48768503828471,-1.8730497375977349,2.4892764902483524,On,32.02199166729389,29.87131788298023,14.499611201089929,Diesel,0.46009930206708644
189,019,2024-04-07 19:10:00,52.498534103867655,-1.8678624171678375,2.6295948497072494,On,25.895062574598832,31.555138196486993,14.499611201089929,Diesel,0.48603470117086217
190,019,2024-04-07 19:15:00,52.46372464646733,-1.9014670392246888,3.8070325400370337,On,45.737133816447376,45.68439048044441,14.499611201089929,Diesel,0.7036635028208418
191,020,2024-04-05 21:05:00,52.49955033115352,-1.8647189946800942,0.0,On,22.656140557986422,0.0,16.640057299509305,Diesel,0.0
192,020,2024-04-05 21:10:00,52.49504972615968,-1.901511923590244,0.31371593927473135,On,63.20457794352792,3.7645912712967764,16.640057299509305,Diesel,0.05052619123379298
193,020,2024-04-05 21:15:00,52.47500438451086,-1.8779669216914596,1.2289526637708372,On,51.232981225639584,14.747431965250048,16.640057299509305,Diesel,0.19793159840879684
194,020,2024-04-05 21:20:00,52.4672910479308,-1.8792831122868896,3.4452516232122368,On,60.63674347117608,41.34301947854684,16.640057299509305,Diesel,0.554882365127497
195,020,2024-04-05 21:25:00,52.478203738066796,-1.9187258576605453,2.9076885504771335,On,58.039559555897874,34.892262605725605,16.640057299509305,Diesel,0.46830399529384514
196,020,2024-04-05 21:30:00,52.49520094784097,-1.9028567316701162,0.9736436248495859,On,14.264421412999157,11.68372349819503,16.640057299509305,Diesel,0.15681225536848586
197,020,2024-04-05 21:35:00,52.492201762479574,-1.9203444726260086,3.189215094451748,On,55.07953397253051,38.27058113342098,16.640057299509305,Diesel,0.513645854655965
198,020,2024-04-05 21:40:00,52.481357173189245,-1.9146821001323284,0.36785488400880556,On,10.34953994130087,4.414258608105667,16.640057299509305,Diesel,0.05924565471133747
199,020,2024-04-05 21:45:00,52.468401994840285,-1.9110174294192797,2.0971325425327647,On,15.859067723780548,25.165590510393177,16.640057299509305,Diesel,0.3377581647001628
200,020,2024-04-05 21:50:00,52.46089670552203,-1.901686185019485,0.7048832298552046,On,16.898334425686514,8.458598758262456,16.640057299509305,Diesel,0.11352647542070995
201,021,2024-04-06 08:20:00,52.49673448349493,-1.864104715896852,0.0,On,2.485355674716459,0.0,13.654653954174211,Petrol,0.0
202,021,2024-04-06 08:25:00,52.479520011458995,-1.866115436882739,5.217699866978083,On,41.66104542271716,62.612398403737,13.654653954174211,Petrol,0.8826944083071997
203,021,2024-04-06 08:30:00,52.46056190093569,-1.8715232508059438,4.0466795630121055,On,51.282309246549005,48.560154756145266,13.654653954174211,Petrol,0.6845892852305016
204,021,2024-04-06 08:35:00,52.484718400664725,-1.9195352969457122,3.9666838362948535,Off,0.0,47.60020603553824,13.654653954174211,Petrol,0.671056160968472
205,021,2024-04-06 08:40:00,52.4652258533944,-1.8884992336081188,2.2238671968558146,Off,0.0,26.686406362269775,13.654653954174211,Petrol,0.3762184850657834
206,021,2024-04-06 08:45:00,52.48651040004972,-1.9152983754340285,3.6053777640891522,Off,0.0,43.26453316906983,13.654653954174211,Petrol,0.6099328963587505
207,021,2024-04-06 08:50:00,52.49623645033476,-1.8784431235749997,2.4639159165006537,On,0.8215604466030269,29.566990998007846,13.654653954174211,Petrol,0.4168282686780635
208,021,2024-04-06 08:55:00,52.49757758839543,-1.8680087133511651,3.98256225746553,On,52.141312212484486,47.79074708958636,13.654653954174211,Petrol,0.6737423625395524
209,021,2024-04-06 09:00:00,52.4760149307497,-1.9103846056025,4.306576356636345,On,10.337490575051174,51.67891627963614,13.654653954174211,Petrol,0.7285568288450699
210,021,2024-04-06 09:05:00,52.48400053539966,-1.8884282057765365,0.648789718931365,On,41.26910806358799,7.785476627176379,13.654653954174211,Petrol,0.10975776140217021
211,022,2024-04-07 05:45:00,52.47377377204372,-1.8725913933721985,0.0,On,22.391109443256404,0.0,13.34153908960638,Petrol,0.0
212,022,2024-04-07 05:50:00,52.48477573934782,-1.8930361287416695,2.3818866239623353,On,29.181243042251648,28.582639487548025,13.34153908960638,Petrol,0.4124080486065815
213,022,2024-04-07 05:55:00,52.493934930071056,-1.926406052775922,2.8647824928956256,On,19.537451676401364,34.37738991474751,13.34153908960638,Petrol,0.49601830149748777
214,022,2024-04-07 06:00:00,52.49402906518338,-1.8994677630490082,3.58004980867869,Off,0.0,42.960597704144284,13.34153908960638,Petrol,0.6198621465262869
215,022,2024-04-07 06:05:00,52.492318216402865,-1.8792398527320253,3.5719914417215355,On,26.7949408486783,42.86389730065843,13.34153908960638,Petrol,0.6184668931341556
216,022,2024-04-07 06:10:00,52.49987971855711,-1.902716031418009,3.298945423981842,On,3.1819748608733627,39.587345087782104,13.34153908960638,Petrol,0.5711907657891431
217,022,2024-04-07 06:15:00,52.48222284563339,-1.9214986624652224,2.1693979180115335,On,18.711756485311774,26.0327750161384,13.34153908960638,Petrol,0.37561702266499847
218,022,2024-04-07 06:20:00,52.46020419821865,-1.8789134822467,3.664292159643298,On,52.985671725941536,43.971505915719575,13.34153908960638,Petrol,0.6344481571372999
219,022,2024-04-07 06:25:00,52.49397019256555,-1.8978302707941137,2.8909565685604433,On,46.923111207694134,34.69147882272532,13.34153908960638,Petrol,0.5005501710501415
220,022,2024-04-07 06:30:00,52.491577508466406,-1.8962176096775398,0.8323167439599899,On,13.9926059905743,9.98780092751988,13.34153908960638,Petrol,0.1441101859114143
221,023,2024-04-02 16:00:00,52.47968130269421,-1.9232907621447493,0.0,On,11.930930118005032,0.0,20.954015499575924,Petrol,0.0
222,023,2024-04-02 16:05:00,52.488597801626995,-1.868760247925985,3.747304369743687,On,34.48562077110702,44.96765243692425,20.954015499575924,Petrol,0.4131080791785759
223,023,2024-04-02 16:10:00,52.46679467357338,-1.9013157000765548,3.654858541184724,On,58.787365789229,43.858302494216694,20.954015499575924,Petrol,0.4029167216330245
224,023,2024-04-02 16:15:00,52.47684153115803,-1.8713617538946434,3.0346287422504723,On,58.44227441308633,36.41554490700567,20.954015499575924,Petrol,0.3345417204039227
225,023,2024-04-02 16:20:00,52.47891262871273,-1.896010873652102,0.7467262789062505,On,38.115108663811355,8.960715346875007,20.954015499575924,Petrol,0.08232015025035888
226,023,2024-04-02 16:25:00,52.46724235874812,-1.909429603867782,0.4213059425165813,On,10.17574855716577,5.055671310198976,20.954015499575924,Petrol,0.04644535684499228
227,023,2024-04-02 16:30:00,52.48971251652165,-1.8747561746624115,1.0915703629406968,On,19.237776939422485,13.098844355288362,20.954015499575924,Petrol,0.12033624478535111
228,023,2024-04-02 16:35:00,52.478881595238335,-1.9172519796418974,3.548930243706355,On,61.00545052782911,42.58716292447626,20.954015499575924,Petrol,0.39123903784110475
229,023,2024-04-02 16:40:00,52.47869358348699,-1.8755086477190765,2.142378835049596,On,46.55678445171334,25.708546020595154,20.954015499575924,Petrol,0.23617884166711267
230,023,2024-04-02 16:45:00,52.4900379255823,-1.911019030710522,3.4595638803557875,On,31.367321819397592,41.51476656426945,20.954015499575924,Petrol,0.3813871648507469
231,024,2024-04-07 05:20:00,52.480092851803796,-1.8688072932954056,0.0,On,61.90762498897318,0.0,19.798569947115933,Petrol,0.0
232,024,2024-04-07 05:25:00,52.46600279312616,-1.901842247016801,1.2651107748875474,On,56.40640689369534,15.181329298650569,19.798569947115933,Petrol,0.14760691796408978
233,024,2024-04-07 05:30:00,52.473999766028854,-1.8800934802876386,1.2901517027104394,On,51.63135004237957,15.481820432525273,19.798569947115933,Petrol,0.15052857055947363
234,024,2024-04-07 05:35:00,52.48614817148329,-1.8900023623237694,3.200956836651927,On,27.38120366082596,38.41148203982313,19.798569947115933,Petrol,0.37347193824688685
235,024,2024-04-07 05:40:00,52.46404142499594,-1.8684777320158963,1.356143048431026,Off,0.0,16.273716581172312,19.798569947115933,Petrol,0.15822811699246037
236,024,2024-04-07 05:45:00,52.4898579952794,-1.9035889620853172,2.3609394080774004,On,27.066368469251554,28.331272896928805,19.798569947115933,Petrol,0.2754628262155494
237,024,2024-04-07 05:50:00,52.48166647789602,-1.8972687893732443,2.8687292876520294,On,35.38560846224074,34.424751451824356,19.798569947115933,Petrol,0.33470925789978645
238,024,2024-04-07 05:55:00,52.486766467112695,-1.910515001409562,1.4276871065279715,On,57.06267432431782,17.13224527833566,19.798569947115933,Petrol,0.16657552666120864
239,024,2024-04-07 06:00:00,52.487008052830674,-1.922989442190591,3.093194882647579,On,40.78171343794868,37.11833859177095,19.798569947115933,Petrol,0.3608988021863046
240,024,2024-04-07 06:05:00,52.482745611097705,-1.8774090673939166,4.274555282191672,On,36.078886614901386,51.294663386300066,19.798569947115933,Petrol,0.49873413727546245
241,025,2024-04-02 11:25:00,52.46964958115655,-1.8902797788392425,0.0,On,9.916025269159517,0.0,18.037336612806733,Petrol,0.0
242,025,2024-04-02 11:30:00,52.47763181879705,-1.8896565561117726,3.6137589480588357,On,41.43398745294437,43.36510737670603,18.037336612806733,Petrol,0.4628057539320346
243,025,2024-04-02 11:35:00,52.46426968558105,-1.9114425956925711,0.8693365075421153,On,7.461504763204208,10.432038090505385,18.037336612806733,Petrol,0.11133391672673353
244,025,2024-04-02 11:40:00,52.495309095234255,-1.9258403523571563,2.316321707830221,On,60.98352890083688,27.795860493962653,18.037336612806733,Petrol,0.2966459660839697
245,025,2024-04-02 11:45:00,52.493140751589394,-1.8717748620518608,1.991917699057811,On,41.52002153718789,23.903012388693732,18.037336612806733,Petrol,0.25510029466082823
246,025,2024-04-02 11:50:00,52.46226887771157,-1.8853590260823017,2.613472178715222,On,17.916208547758036,31.361666144582664,18.037336612806733,Petrol,0.33470133991654466
247,025,2024-04-02 11:55:00,52.472555635916194,-1.9037233391387371,4.1459650685357055,On,60.228159150697664,49.751580822428465,18.037336612806733,Petrol,0.5309641613894128
248,025,2024-04-02 12:00:00,52.479443651391705,-1.899781878807872,1.514169300850017,On,16.962258131488944,18.170031610200205,18.037336612806733,Petrol,0.19391616179520133
249,025,2024-04-02 12:05:00,52.4776135406962,-1.8631682566855547,2.0983070747049126,On,62.090750477453234,25.17968489645895,18.037336612806733,Petrol,0.26872533604140064
250,025,2024-04-02 12:10:00,52.48848089072527,-1.8754783643769366,2.8627450302405637,Off,0.0,34.35294036288677,18.037336612806733,Petrol,0.3666251377246257
251,026,2024-04-02 04:25:00,52.48581531769845,-1.8807800576106746,0.0,On,62.844735194617314,0.0,20.790925153758376,Petrol,0.0
252,026,2024-04-02 04:30:00,52.48811923578676,-1.9156482900713945,0.7847695592103172,Off,0.0,9.417234710523807,20.790925153758376,Petrol,0.08719273761841857
253,026,2024-04-02 04:35:00,52.47420816735204,-1.9289647047201186,3.423526143791947,On,46.17347929986338,41.08231372550337,20.790925153758376,Petrol,0.3803748670957918
254,026,2024-04-02 04:40:00,52.471979370091,-1.8650983208471816,2.669363423747835,On,8.631324112257234,32.03236108497403,20.790925153758376,Petrol,0.2965827380578507
255,026,2024-04-02 04:45:00,52.47962193999116,-1.8804787110690833,2.8465042721467753,On,56.68540383740324,34.15805126576131,20.790925153758376,Petrol,0.3162641787236876
256,026,2024-04-02 04:50:00,52.49617201466903,-1.8670478536130903,1.0476769195558429,On,64.13760557748928,12.572123034670115,20.790925153758376,Petrol,0.11640336667445073
257,026,2024-04-02 04:55:00,52.474355418269774,-1.9017310619685126,3.6751161926202403,On,58.08170609588274,44.10139431144289,20.790925153758376,Petrol,0.40832807304960667
258,026,2024-04-02 05:00:00,52.4755060493868,-1.87132744100388,2.1356803213541364,On,25.853189945646534,25.62816385624964,20.790925153758376,Petrol,0.23728725421515168
259,026,2024-04-02 05:05:00,52.462270440967025,-1.9243260670945423,1.8256961366660496,Off,0.0,21.908353639992598,20.790925153758376,Petrol,0.20284609965690742
260,026,2024-04-02 05:10:00,52.49338912875584,-1.8850878890296265,3.440868227453741,On,43.067594464413666,41.290418729444895,20.790925153758376,Petrol,0.382301679537397
261,027,2024-04-07 23:35:00,52.48574595386824,-1.9061740069603696,0.0,Off,0.0,0.0,20.761115696656965,Diesel,0.0
262,027,2024-04-07 23:40:00,52.47039654147879,-1.8895386951761648,1.4585194930864165,Off,0.0,17.502233917037,20.761115696656965,Diesel,0.1882765983574289
263,027,2024-04-07 23:45:00,52.493611809784625,-1.9110356319114734,0.8353942957214981,On,30.72139481214422,10.024731548657979,20.761115696656965,Diesel,0.10783894012469304
264,027,2024-04-07 23:50:00,52.475231670547615,-1.863366255710922,1.0168157332238112,On,15.864418045678395,12.201788798685735,20.761115696656965,Diesel,0.13125817537246395
265,027,2024-04-07 23:55:00,52.48911930282186,-1.874699530262097,2.394239525255944,On,59.67460515718416,28.730874303071328,20.761115696656965,Diesel,0.3090663344609726
266,027,2024-04-08 00:00:00,52.49800945513251,-1.881370511070316,2.07381262791871,On,52.258973717216335,24.88575153502452,20.761115696656965,Diesel,0.26770323541509305
267,027,2024-04-08 00:05:00,52.46149023133642,-1.8608080128496525,2.360118155019828,On,24.966925560863913,28.321417860237936,20.761115696656965,Diesel,0.3046616929393459
268,027,2024-04-08 00:10:00,52.48022058024526,-1.8618535202159923,4.1753498739431505,On,29.94326676760581,50.10419848731781,20.761115696656965,Diesel,0.5389853717721678
269,027,2024-04-08 00:15:00,52.46731402146717,-1.8968461801668686,2.9988431203890795,On,10.402102342503566,35.986117444668956,20.761115696656965,Diesel,0.3871130858317439
270,027,2024-04-08 00:20:00,52.461675558215866,-1.8830388944019054,1.1054119454252211,On,51.29729131644775,13.264943345102655,20.761115696656965,Diesel,0.1426948366853245
271,028,2024-04-07 15:40:00,52.48035211047192,-1.8691831997371666,0.0,Off,0.0,0.0,14.594437407964458,Diesel,0.0
272,028,2024-04-07 15:45:00,52.48272386592297,-1.9079388469976815,1.5111036965782834,On,54.552007020613885,18.1332443589394,14.594437407964458,Diesel,0.27748640071728775
273,028,2024-04-07 15:50:00,52.48013975601431,-1.8619040637711897,1.785435865011604,On,57.67736258099749,21.42523038013925,14.594437407964458,Diesel,0.32786245776215067
274,028,2024-04-07 15:55:00,52.47618266890336,-1.8620001328866138,3.065457073661759,On,39.231070683347006,36.78548488394111,14.594437407964458,Diesel,0.5629148097843225
275,028,2024-04-07 16:00:00,52.47462420001852,-1.9152808914029746,4.439451352147928,On,12.899166244901183,53.27341622577514,14.594437407964458,Diesel,0.815223587670713
276,028,2024-04-07 16:05:00,52.46093090236285,-1.9138046548751244,0.20563765200393144,On,4.284021544252354,2.4676518240471776,14.594437407964458,Diesel,0.03776157257488979
277,028,2024-04-07 16:10:00,52.463180666939095,-1.9256819609116065,3.859789334637833,On,11.811759596887974,46.317472015654,14.594437407964458,Diesel,0.7087793196594444
278,028,2024-04-07 16:15:00,52.482327782325605,-1.8912187676469943,0.3550792376638531,On,8.267083806994355,4.260950851966237,14.594437407964458,Diesel,0.0652037711587165
279,028,2024-04-07 16:20:00,52.47978136572704,-1.9132236993836242,1.3355881986960714,On,40.96079090117505,16.02705838435286,14.594437407964458,Diesel,0.24525620772145273
280,028,2024-04-07 16:25:00,52.499267937229305,-1.9051445787907468,1.5497502069902784,On,18.677161231553292,18.597002483883344,14.594437407964458,Diesel,0.28458312154378734
281,029,2024-04-03 07:10:00,52.4928994182452,-1.8931543394975803,0.0,On,3.497899803355424,0.0,20.230878016545134,Diesel,0.0
282,029,2024-04-03 07:15:00,52.49102354850294,-1.9070886607431485,2.695608263679446,On,46.590161029078295,32.347299164153355,20.230878016545134,Diesel,0.35708930382323617
283,029,2024-04-03 07:20:00,52.47744339465276,-1.882545278406446,1.4401106685467735,On,26.65207329884462,17.281328022561283,20.230878016545134,Diesel,0.19077256995712177
284,029,2024-04-03 07:25:00,52.47770521144175,-1.8945913155942589,1.9432344707674498,On,27.787465342951393,23.3188136492094,20.230878016545134,Diesel,0.2574217677254387
285,029,2024-04-03 07:30:00,52.49707574642768,-1.860859232320287,1.9535558173458463,On,57.48682870805355,23.442669808150157,20.230878016545134,Diesel,0.2587890444599176
286,029,2024-04-03 07:35:00,52.49758925508905,-1.928530172271519,3.6868513634156046,On,47.020068828831825,44.24221636098726,20.230878016545134,Diesel,0.4884000410596701
287,029,2024-04-03 07:40:00,52.4864484207898,-1.9271110631307553,4.818246966978424,On,40.29392709942606,57.81896360374109,20.230878016545134,Diesel,0.6382768884742323
288,029,2024-04-03 07:45:00,52.484248686642296,-1.8707017033636002,2.7017298380541144,On,3.5647928732386323,32.420758056649376,20.230878016545134,Diesel,0.35790023349770184
289,029,2024-04-03 07:50:00,52.47141331661292,-1.904224767585992,1.645443011771186,Off,0.0,19.745316141254232,20.230878016545134,Diesel,0.2179731036853855
290,029,2024-04-03 07:55:00,52.46920397613455,-1.9222701522762289,2.8540771414724038,On,47.61761331231568,34.248925697668845,20.230878016545134,Diesel,0.3780817981745838
291,030,2024-04-02 05:15:00,52.47433810859633,-1.8893957729624982,0.0,On,40.41476498162321,0.0,19.95846505823788,Diesel,0.0
292,030,2024-04-02 05:20:00,52.462309987130446,-1.8651591596468173,3.004578421546351,On,30.06057810807285,36.05494105855622,19.95846505823788,Diesel,0.40345137495534195
293,030,2024-04-02 05:25:00,52.484910774292175,-1.9212694670170616,1.8806131426640418,On,53.744913360116975,22.5673577119685,19.95846505823788,Diesel,0.2525265949877918
294,030,2024-04-02 05:30:00,52.48120226672907,-1.9123690330729666,2.154608716959242,On,26.16623605583001,25.855304603510902,19.95846505823788,Diesel,0.2893184092364557
295,030,2024-04-02 05:35:00,52.494149686717904,-1.8668400498522117,0.3215493719462597,On,1.111761618298478,3.8585924633551167,19.95846505823788,Diesel,0.043177284139908685
296,030,2024-04-02 05:40:00,52.487830574193936,-1.884137149336123,2.1710891474592993,On,48.62691577977237,26.05306976951159,19.95846505823788,Diesel,0.29153138270968
297,030,2024-04-02 05:45:00,52.47013129417964,-1.8767539051366016,2.891098135228551,On,41.42642424758656,34.69317762274262,19.95846505823788,Diesel,0.38821337110863957
298,030,2024-04-02 05:50:00,52.46374974279462,-1.8667533080047038,0.47636622394629585,On,9.462191469837967,5.7163946873555505,19.95846505823788,Diesel,0.06396591503659392
299,030,2024-04-02 05:55:00,52.494477305943484,-1.8761085245056137,5.268107456482316,On,4.439344450674076,63.21728947778779,19.95846505823788,Diesel,0.7073954806732579
300,030,2024-04-02 06:00:00,52.48926486309303,-1.8876893595738755,3.419889869382787,Off,0.0,41.03867843259345,19.95846505823788,Diesel,0.45921892406063963
301,031,2024-04-03 13:25:00,52.49165871985874,-1.9108533741321407,0.0,On,21.967709649242703,0.0,13.02139801824628,Petrol,0.0
302,031,2024-04-03 13:30:00,52.48767416959609,-1.8769975310617675,2.393724157973523,On,55.729247713749665,28.724689895682275,13.02139801824628,Petrol,0.4246473993937212
303,031,2024-04-03 13:35:00,52.474149409824875,-1.8877255726920772,2.182839320008522,On,29.13046714512724,26.194071840102264,13.02139801824628,Petrol,0.3872363644943548
304,031,2024-04-03 13:40:00,52.46049205861224,-1.8942129211696772,2.937997171878844,On,11.185146829262353,35.25596606254613,13.02139801824628,Petrol,0.521201598901296
305,031,2024-04-03 13:45:00,52.4954237265226,-1.8981713906012077,1.92233406559817,On,57.35415343417263,23.06800878717804,13.02139801824628,Petrol,0.34102265250700253
306,031,2024-04-03 13:50:00,52.47283993468274,-1.928089549617084,1.5761886193848427,On,53.73273396270452,18.914263432618114,13.02139801824628,Petrol,0.27961634424176485
307,031,2024-04-03 13:55:00,52.460828475631764,-1.8968394072844998,2.337400821165842,On,54.03813692939669,28.048809853990107,13.02139801824628,Petrol,0.41465562217875324
308,031,2024-04-03 14:00:00,52.47238911092161,-1.9004874967735126,2.3850090236974286,On,39.39229075179343,28.620108284369145,13.02139801824628,Petrol,0.4231013319016157
309,031,2024-04-03 14:05:00,52.498502141708165,-1.8732149257853572,2.981114967732456,On,53.24466891431695,35.773379612789476,13.02139801824628,Petrol,0.5288507091030022
310,031,2024-04-03 14:10:00,52.47558959521064,-1.896489605795889,3.4958517353533365,Off,0.0,41.95022082424004,13.02139801824628,Petrol,0.6201651694657133
311,032,2024-04-01 22:35:00,52.4646070441075,-1.8890028363159213,0.0,On,51.770449836048314,0.0,19.611726727513567,Diesel,0.0
312,032,2024-04-01 22:40:00,52.465964668637675,-1.9266088726150026,3.136879273295054,On,41.30784653979579,37.642551279540655,19.611726727513567,Diesel,0.4286637566001099
313,032,2024-04-01 22:45:00,52.48397360006616,-1.8734241193631151,3.3150173118375608,On,49.56571763665224,39.780207742050735,19.611726727513567,Diesel,0.4530068422410164
314,032,2024-04-01 22:50:00,52.464048737180626,-1.9060374875020871,0.8164810739737761,On,56.228212838413384,9.797772887685314,19.611726727513567,Diesel,0.11157453439221682
315,032,2024-04-01 22:55:00,52.47653274653939,-1.8622023295740768,3.6406587091622544,On,14.24689937343279,43.68790450994705,19.611726727513567,Diesel,0.4975066946484962
316,032,2024-04-01 23:00:00,52.46205470008307,-1.9026183620832309,1.5617234754932763,On,55.05046846663816,18.740681705919318,19.611726727513567,Diesel,0.21341409517246626
317,032,2024-04-01 23:05:00,52.4936257351074,-1.919239911312116,3.2173320605875504,On,55.421511774737176,38.60798472705061,19.611726727513567,Diesel,0.4396578660398158
318,032,2024-04-01 23:10:00,52.465591770380804,-1.8615609276779805,4.107782524238065,Off,0.0,49.29339029085678,19.611726727513567,Diesel,0.5613405345646354
319,032,2024-04-01 23:15:00,52.46815416040372,-1.8916399276098232,2.2316081757892623,On,15.445493456971208,26.77929810947115,19.611726727513567,Diesel,0.3049558049738069
320,032,2024-04-01 23:20:00,52.479655917111124,-1.9046782198496304,3.0166286133810156,On,42.36239844388584,36.19954336057219,19.611726727513567,Diesel,0.41223115109589886
321,033,2024-04-04 12:00:00,52.49966774701313,-1.9070524314414825,0.0,On,38.29855679126357,0.0,16.105055554420293,Diesel,0.0
322,033,2024-04-04 12:05:00,52.4600592851066,-1.9181283126289062,2.6393227574637566,Off,0.0,31.67187308956508,16.105055554420293,Diesel,0.43920276872695807
323,033,2024-04-04 12:10:00,52.49444647343536,-1.9165396870738094,2.619757392496315,Off,0.0,31.43708870995578,16.105055554420293,Diesel,0.43594694772494036
324,033,2024-04-04 12:15:00,52.46262466383497,-1.8886895954000815,2.040312133489861,On,18.119226902874548,24.483745601878333,16.105055554420293,Diesel,0.3395229839025322
325,033,2024-04-04 12:20:00,52.478802184008714,-1.8756634557332041,2.193623645349772,On,3.3131798365233567,26.323483744197265,16.105055554420293,Diesel,0.36503514996716835
326,033,2024-04-04 12:25:00,52.49100653208787,-1.904558780622313,2.7338695248669396,On,23.412778027991397,32.806434298403275,16.105055554420293,Diesel,0.45493604799347914
327,033,2024-04-04 12:30:00,52.46309377560172,-1.8915020153952313,0.14144446493673404,Off,0.0,1.6973335792408086,16.105055554420293,Diesel,0.02353740195117831
328,033,2024-04-04 12:35:00,52.49573531203602,-1.9125640334729175,1.6464639655984894,On,20.837611385642806,19.757567587181875,16.105055554420293,Diesel,0.27398374460079794
329,033,2024-04-04 12:40:00,52.492234132709235,-1.91789978412843,1.3228693384765422,On,59.87372110664969,15.874432061718506,16.105055554420293,Diesel,0.22013521251990162
330,033,2024-04-04 12:45:00,52.481247480345814,-1.9127769041365998,0.5143661793552765,On,47.6808958341972,6.172394152263318,16.105055554420293,Diesel,0.08559432508717979
331,034,2024-04-04 16:15:00,52.47955473463601,-1.8978162844770672,0.0,On,8.599501762889433,0.0,19.278477290885263,Diesel,0.0
332,034,2024-04-04 16:20:00,52.47244712310032,-1.87080967869122,2.0656035298366455,On,30.156740238230896,24.787242358039748,19.278477290885263,Diesel,0.28715014035779207
333,034,2024-04-04 16:25:00,52.472391133792755,-1.9196431437887809,0.8873091299107537,On,22.126683649407816,10.647709558929046,19.278477290885263,Diesel,0.12334939281149127
334,034,2024-04-04 16:30:00,52.48683670524101,-1.9105222507367858,1.5912499403304572,On,48.22932718469155,19.09499928396549,19.278477290885263,Diesel,0.22120781510590967
335,034,2024-04-04 16:35:00,52.47882196563833,-1.8740586891209645,1.0826173000089185,On,2.4661487408105924,12.991407600107022,19.278477290885263,Diesel,0.15050018319629796
336,034,2024-04-04 16:40:00,52.46359851609818,-1.8764529342546024,3.8810463463964853,On,54.751689825989224,46.57255615675783,19.278477290885263,Diesel,0.5395241569862056
337,034,2024-04-04 16:45:00,52.498972535834305,-1.9040604271334634,3.3353427067611996,On,27.10912998678006,40.024112481134395,19.278477290885263,Diesel,0.4636630953392871
338,034,2024-04-04 16:50:00,52.472278136189665,-1.8632732494732,4.468116762179223,On,14.515336162854117,53.61740114615068,19.278477290885263,Diesel,0.6211358263394489
339,034,2024-04-04 16:55:00,52.48405980133712,-1.8895511260914233,4.263449220646775,On,33.488106459728485,51.1613906477613,19.278477290885263,Diesel,0.5926839417309954
340,034,2024-04-04 17:00:00,52.46839150809006,-1.9137459449902419,0.6341061331356154,On,56.54850914461634,7.609273597627385,19.278477290885263,Diesel,0.08815034565032355
341,035,2024-04-07 11:40:00,52.46430302973226,-1.9111324042706324,0.0,On,39.090770188140624,0.0,16.12951646742122,Petrol,0.0
342,035,2024-04-07 11:45:00,52.46624186312648,-1.9092337563666155,2.494664675376627,On,8.295295306506956,29.935976104519522,16.12951646742122,Petrol,0.35727514905729485
343,035,2024-04-07 11:50:00,52.49836725186263,-1.915834059670348,1.4808299864827745,On,12.997782407520956,17.769959837793294,16.12951646742122,Petrol,0.2120781038715237
344,035,2024-04-07 11:55:00,52.4917586254304,-1.874786167253513,3.5434358794223977,On,34.9727871421113,42.521230553068776,16.12951646742122,Petrol,0.507475651734426
345,035,2024-04-07 12:00:00,52.48193291563783,-1.8791664803744565,3.8308045264797257,On,4.332966355056601,45.969654317756714,16.12951646742122,Petrol,0.5486313538314622
346,035,2024-04-07 12:05:00,52.46473234583251,-1.8682888862751295,0.6664507952038149,On,43.51039879618401,7.997409542445779,16.12951646742122,Petrol,0.0954462175000927
347,035,2024-04-07 12:10:00,52.48823227868238,-1.923810377705755,3.432575930218469,On,58.107543756392865,41.19091116262163,16.12951646742122,Petrol,0.49159876644909667
348,035,2024-04-07 12:15:00,52.46923985348894,-1.896842953781891,2.2602037080333983,On,13.345864194774574,27.12244449640078,16.12951646742122,Petrol,0.32369665737362885
349,035,2024-04-07 12:20:00,52.49622168739249,-1.8804295889082165,0.8042342204671338,On,55.62686519205079,9.650810645605606,16.12951646742122,Petrol,0.11517896726981677
350,035,2024-04-07 12:25:00,52.486019332466995,-1.9168092387916082,2.267041727866743,On,22.868019215000746,27.20450073440092,16.12951646742122,Petrol,0.3246759691742604
351,036,2024-04-01 19:20:00,52.4602830002343,-1.919461538905593,0.0,Off,0.0,0.0,13.593812695802834,Petrol,0.0
352,036,2024-04-01 19:25:00,52.46474337066518,-1.9243295527592263,1.439045766927715,On,4.443147278257373,17.268549203132583,13.593812695802834,Petrol,0.24453740800985038
353,036,2024-04-01 19:30:00,52.469267103687,-1.913830339030807,0.7424183554244267,On,17.618304448953207,8.90902026509312,13.593812695802834,Petrol,0.1261593372961463
354,036,2024-04-01 19:35:00,52.491745761587325,-1.9008943421301179,2.2578318616186737,On,64.8241937309892,27.093982339424084,13.593812695802834,Petrol,0.38367393438850894
355,036,2024-04-01 19:40:00,52.46444410426342,-1.8878232875965377,3.366930822329083,On,4.056572239660511,40.403169867948996,13.593812695802834,Petrol,0.5721433988848149
356,036,2024-04-01 19:45:00,52.49547518275006,-1.9201555174033829,4.314700222160936,On,33.655204036827215,51.776402665931236,13.593812695802834,Petrol,0.73319809064819
357,036,2024-04-01 19:50:00,52.48549179421047,-1.900371048854756,3.684501415546751,On,61.2144632051062,44.21401698656101,13.593812695802834,Petrol,0.6261082494200376
358,036,2024-04-01 19:55:00,52.46026280385742,-1.9135211236451624,1.0283350108741485,On,61.25281117107489,12.340020130489782,13.593812695802834,Petrol,0.17474522624934488
359,036,2024-04-01 20:00:00,52.487070183659625,-1.8861516190643826,3.3276283020648436,On,41.394757685342675,39.931539624778125,13.593812695802834,Petrol,0.5654647117613396
360,036,2024-04-01 20:05:00,52.46605425878189,-1.8603663518871278,1.6748006277856735,On,5.920163662827588,20.097607533428082,13.593812695802834,Petrol,0.2845992906301715
361,037,2024-04-01 22:20:00,52.46792941384078,-1.878938185348553,0.0,On,20.77654232563375,0.0,17.133700001236,Diesel,0.0
362,037,2024-04-01 22:25:00,52.48748064925208,-1.8647920358222771,0.7494693827972322,On,59.49356619369863,8.993632593566787,17.133700001236,Diesel,0.11722966701597941
363,037,2024-04-01 22:30:00,52.47040971600127,-1.8897102755419015,1.4460355977038004,On,53.95575441441246,17.352427172445605,17.133700001236,Diesel,0.22618438525050755
364,037,2024-04-01 22:35:00,52.461275259722825,-1.86446348860449,1.1490841460251766,On,8.811406764954018,13.78900975230212,17.133700001236,Diesel,0.17973616388318459
365,037,2024-04-01 22:40:00,52.46889137685442,-1.9046832851465039,4.090895499212138,On,31.675709935567173,49.090745990545656,17.133700001236,Diesel,0.6398851349736269
366,037,2024-04-01 22:45:00,52.46200794215646,-1.881469197158467,3.3480331251453332,On,54.52043177226507,40.176397501744,17.133700001236,Diesel,0.523688915689093
367,037,2024-04-01 22:50:00,52.46176254556826,-1.927472693793284,2.588659654680376,Off,0.0,31.063915856164513,17.133700001236,Diesel,0.40491008212137125
368,037,2024-04-01 22:55:00,52.46088780499559,-1.8809893143257945,3.0698044994084004,On,12.209045309667827,36.837653992900805,17.133700001236,Diesel,0.48016926045285163
369,037,2024-04-01 23:00:00,52.462549007930946,-1.9108607576056822,2.088120833434238,On,22.114062034736776,25.057450001210857,17.133700001236,Diesel,0.3266173583756024
370,037,2024-04-01 23:05:00,52.46908581612013,-1.8873333102309449,4.183176747182794,Off,0.0,50.198120966193535,17.133700001236,Diesel,0.6543194804181904
371,038,2024-04-02 05:50:00,52.473847843900536,-1.9040221044355463,0.0,On,45.175624279598054,0.0,20.588939376133567,Petrol,0.0
372,038,2024-04-02 05:55:00,52.47928236669785,-1.9036136427338775,1.4748715121739038,On,8.866383384763898,17.698458146086846,20.588939376133567,Petrol,0.16547492470986697
373,038,2024-04-02 06:00:00,52.47007284881215,-1.8636013584883107,0.4892798862650938,On,13.143965807292204,5.871358635181125,20.588939376133567,Petrol,0.054895325913802154
374,038,2024-04-02 06:05:00,52.47826864027155,-1.8731373631682309,0.9197480633830064,On,62.60839284080426,11.036976760596078,20.588939376133567,Petrol,0.10319220371679634
375,038,2024-04-02 06:10:00,52.49525164695986,-1.8789802634923194,2.153166138083448,On,10.35832646698919,25.837993657001377,20.588939376133567,Petrol,0.24157697917836146
376,038,2024-04-02 06:15:00,52.49751088691539,-1.8883545009281697,2.517659229947486,On,2.0966415282817588,30.211910759369832,20.588939376133567,Petrol,0.2824717055566391
377,038,2024-04-02 06:20:00,52.477836366265066,-1.9137624321317344,4.504824585553344,On,62.499481972335715,54.057895026640125,20.588939376133567,Petrol,0.5054240338718415
378,038,2024-04-02 06:25:00,52.48321392408206,-1.8722750832922965,2.986761085807334,On,49.270237196363965,35.84113302968801,20.588939376133567,Petrol,0.3351031338803522
379,038,2024-04-02 06:30:00,52.4717736094422,-1.896679441170916,1.8695771324127202,On,16.844981132352938,22.434925588952645,20.588939376133567,Petrol,0.20975938084890336
380,038,2024-04-02 06:35:00,52.46039276949577,-1.9033519337815406,2.6880114209578756,On,53.66290780158409,32.25613705149451,20.588939376133567,Petrol,0.3015845677611952
381,039,2024-04-06 04:35:00,52.48591672331659,-1.866810593323872,0.0,On,38.099396279248424,0.0,15.350049442623753,Petrol,0.0
382,039,2024-04-06 04:40:00,52.495291109570005,-1.9208723683614957,2.2582133543692553,On,50.32096810964732,27.098560252431064,15.350049442623753,Petrol,0.3398342701169397
383,039,2024-04-06 04:45:00,52.49620043537926,-1.8818923436123136,3.6008426555833335,On,40.092124308833085,43.210111867,15.350049442623753,Petrol,0.5418840222950925
384,039,2024-04-06 04:50:00,52.46523794435966,-1.8663554751001654,2.0581088791656095,On,44.18799208528768,24.697306549987314,15.350049442623753,Petrol,0.30972092491579145
385,039,2024-04-06 04:55:00,52.488139122959346,-1.9019465220553802,3.2352130675855997,On,4.179912500559915,38.8225568110272,15.350049442623753,Petrol,0.48686111494669765
386,039,2024-04-06 05:00:00,52.494928022069715,-1.91907229296463,2.449102839003478,On,46.24387932914342,29.389234068041738,15.350049442623753,Petrol,0.3685608687610209
387,039,2024-04-06 05:05:00,52.48613503799275,-1.9254940865198438,1.9405766230237416,On,35.453338503313006,23.2869194762849,15.350049442623753,Petrol,0.2920337172815399
388,039,2024-04-06 05:10:00,52.46483660643438,-1.8914181507453411,2.1003249379194853,Off,0.0,25.203899255033825,15.350049442623753,Petrol,0.3160739400045028
389,039,2024-04-06 05:15:00,52.49771162662142,-1.9263379267455027,2.273574159488916,Off,0.0,27.282889913866992,15.350049442623753,Petrol,0.34214588871849844
390,039,2024-04-06 05:20:00,52.4785977951754,-1.8632111139348615,0.28327452356727256,On,42.6185332287758,3.3992942828072708,15.350049442623753,Petrol,0.04262944897254679
391,040,2024-04-02 20:45:00,52.46640550804193,-1.9218158857715317,0.0,On,58.86612090689129,0.0,14.033456296953505,Petrol,0.0
392,040,2024-04-02 20:50:00,52.486373260121006,-1.8973991923465523,3.791367683680107,On,4.009085763595376,45.49641220416129,14.033456296953505,Petrol,0.624084271470765
393,040,2024-04-02 20:55:00,52.488893109068556,-1.9036845637174369,3.4664337371568466,On,52.52763275247801,41.59720484588216,14.033456296953505,Petrol,0.5705979883637533
394,040,2024-04-02 21:00:00,52.466192641916415,-1.922821581241159,3.67301823848555,On,16.27942543509556,44.076218861826604,14.033456296953505,Petrol,0.6046031676988612
395,040,2024-04-02 21:05:00,52.47262004064119,-1.9002697613450963,4.04138630957393,On,64.68175058985932,48.49663571488716,14.033456296953505,Petrol,0.6652389958375704
396,040,2024-04-02 21:10:00,52.47938258775371,-1.9090708862158303,1.2540764491889365,On,17.52195343742088,15.048917390267238,14.033456296953505,Petrol,0.2064293026839959
397,040,2024-04-02 21:15:00,52.49155754442474,-1.9211191623506108,0.7413079875883041,On,8.113125927302256,8.89569585105965,14.033456296953505,Petrol,0.12202421236033838
398,040,2024-04-02 21:20:00,52.492564325323634,-1.9021540987989705,0.4908655702077703,On,0.5107334670680103,5.8903868424932435,14.033456296953505,Petrol,0.08079972910352137
399,040,2024-04-02 21:25:00,52.49383479256692,-1.8694188031945589,0.5737748992428408,On,45.66748655301144,6.8852987909140895,14.033456296953505,Petrol,0.09444715465702452
400,040,2024-04-02 21:30:00,52.46478926489454,-1.9007735127129097,2.93406470704313,On,10.760144560063818,35.208776484517564,14.033456296953505,Petrol,0.48296651443885463
401,041,2024-04-04 20:50:00,52.48227349698477,-1.9238269098633378,0.0,On,34.04024171225122,0.0,18.500422292449848,Diesel,0.0
402,041,2024-04-04 20:55:00,52.46380648655217,-1.9087963089296038,2.206690373131622,On,1.5299307075272783,26.480284477579467,18.500422292449848,Diesel,0.3196646058401739
403,041,2024-04-04 21:00:00,52.480138503040855,-1.8987385018943717,2.7033761802334566,On,51.62895562783356,32.440514162801485,18.500422292449848,Diesel,0.39161528577552623
404,041,2024-04-04 21:05:00,52.466751732563274,-1.893663062853249,1.995294448739966,On,42.85912684193978,23.943533384879593,18.500422292449848,Diesel,0.2890414628430085
405,041,2024-04-04 21:10:00,52.48966454919038,-1.9128586539000196,2.290517161533775,Off,0.0,27.486205938405302,18.500422292449848,Diesel,0.3318078850241012
406,041,2024-04-04 21:15:00,52.4979063798212,-1.8627540839732077,0.9758084055763314,On,2.19146967454734,11.709700866915977,18.500422292449848,Diesel,0.14135712610256665
407,041,2024-04-04 21:20:00,52.489313013491746,-1.8981390674376213,3.617189204588857,On,14.309078487865033,43.40627045506629,18.500422292449848,Diesel,0.5239916643553783
408,041,2024-04-04 21:25:00,52.47754210753771,-1.8813941017040623,0.4948475593341905,On,54.545800947863555,5.938170712010287,18.500422292449848,Diesel,0.07168438849943759
409,041,2024-04-04 21:30:00,52.461062433766216,-1.9089722459518017,2.201759771139706,On,41.398555048905926,26.42111725367647,18.500422292449848,Diesel,0.31895035115293213
410,041,2024-04-04 21:35:00,52.49592573946277,-1.880868677485332,2.6043708278943063,On,51.31030126655206,31.252449934731676,18.500422292449848,Diesel,0.3772732161689742
411,042,2024-04-03 23:15:00,52.49808571689384,-1.8913514415037005,0.0,On,46.81164676891017,0.0,19.596979335134346,Petrol,0.0
412,042,2024-04-03 23:20:00,52.48364561064726,-1.9269445928869144,3.1304146184516344,Off,0.0,37.56497542141962,19.596979335134346,Petrol,0.3689985913114044
413,042,2024-04-03 23:25:00,52.462792353743865,-1.867451456557153,1.8609175944955683,On,39.41997834385885,22.33101113394682,19.596979335134346,Petrol,0.21935623698790277
414,042,2024-04-03 23:30:00,52.473816328100455,-1.9163843622212782,3.0444794311846985,On,5.256164890773314,36.533753174216386,19.596979335134346,Petrol,0.35886895453464235
415,042,2024-04-03 23:35:00,52.47121582464595,-1.883931292254795,1.7278202297120204,On,16.058359320284026,20.733842756544245,19.596979335134346,Petrol,0.20366734395025096
416,042,2024-04-03 23:40:00,52.46291903575816,-1.8790968520333167,0.9292024411892984,On,38.63141384506855,11.150429294271582,19.596979335134346,Petrol,0.10953002513499688
417,042,2024-04-03 23:45:00,52.463439543302975,-1.9104753701378903,4.095616367654317,On,54.27959096893588,49.14739641185181,19.596979335134346,Petrol,0.4827720460121929
418,042,2024-04-03 23:50:00,52.460318797992414,-1.9100310131069438,3.6446261271987863,On,26.748143851433454,43.73551352638544,19.596979335134346,Petrol,0.42961143193813955
419,042,2024-04-03 23:55:00,52.470842923316354,-1.8730915971572988,1.5474788115865683,On,0.9861407288192842,18.569745739038822,19.596979335134346,Petrol,0.18240954351348082
420,042,2024-04-04 00:00:00,52.463577399866885,-1.8773829200673429,2.959537163620282,On,12.979326641034973,35.514445963443386,19.596979335134346,Petrol,0.3488563584749008
421,043,2024-04-01 09:00:00,52.497496242259324,-1.9037962285415777,0.0,On,52.678881167344095,0.0,13.740430570971327,Petrol,0.0
422,043,2024-04-01 09:05:00,52.463050143207745,-1.860366870735967,0.3770111144438966,Off,0.0,4.52413337332676,13.740430570971327,Petrol,0.06338197845162843
423,043,2024-04-01 09:10:00,52.46524292663122,-1.888621925546927,3.52833943906753,On,33.01059528067316,42.34007326881036,13.740430570971327,Petrol,0.5931738501313811
424,043,2024-04-01 09:15:00,52.4734649461122,-1.913171774870098,2.265437393628754,On,39.240215467892476,27.185248723545048,13.740430570971327,Petrol,0.3808585438609355
425,043,2024-04-01 09:20:00,52.46877852782273,-1.912944238424385,1.8055277187616612,On,43.989999056999615,21.666332625139937,13.740430570971327,Petrol,0.30353990792332214
426,043,2024-04-01 09:25:00,52.469280808763465,-1.9235881524932756,0.36322190381706826,On,36.16703453336058,4.35866284580482,13.740430570971327,Petrol,0.061063777694858275
427,043,2024-04-01 09:30:00,52.47895931956778,-1.891743635139534,1.871083262575181,On,31.359077127219447,22.452999150902173,13.740430570971327,Petrol,0.3145609094434023
428,043,2024-04-01 09:35:00,52.468145118661965,-1.9270677792720594,0.6984336895822817,Off,0.0,8.38120427498738,13.740430570971327,Petrol,0.11741857830449479
429,043,2024-04-01 09:40:00,52.48253801860142,-1.9111939235794404,3.091329627693113,On,62.97146678564593,37.09595553231736,13.740430570971327,Petrol,0.5197050706007307
430,043,2024-04-01 09:45:00,52.469731615716384,-1.8685215085666271,0.8941131684004385,On,25.054744868922597,10.729358020805263,13.740430570971327,Petrol,0.15031562572489368
431,044,2024-04-03 22:30:00,52.474028314539716,-1.8968780956029678,0.0,On,21.75634219896885,0.0,17.50776001191437,Diesel,0.0
432,044,2024-04-03 22:35:00,52.48565452691852,-1.897402226979508,1.1246496439774423,On,5.209805317100151,13.495795727729307,17.50776001191437,Diesel,0.1721557208808219
433,044,2024-04-03 22:40:00,52.49137620728461,-1.909108328965076,1.8350634935867116,On,0.5806813388639348,22.020761923040542,17.50776001191437,Diesel,0.2809023061468522
434,044,2024-04-03 22:45:00,52.48794891115097,-1.8777498581124803,1.273018073197899,Off,0.0,15.27621687837479,17.50776001191437,Diesel,0.1948672151005411
435,044,2024-04-03 22:50:00,52.484718793644106,-1.862810194900359,1.9347768759504398,On,61.78044773613816,23.21732251140528,17.50776001191437,Diesel,0.2961659300800644
436,044,2024-04-03 22:55:00,52.46011755718734,-1.9023405233664004,1.6528739405897255,On,59.84236039438705,19.83448728707671,17.50776001191437,Diesel,0.253013644107868
437,044,2024-04-03 23:00:00,52.471220247520485,-1.8906845189756118,2.062863596590265,On,13.579195714120562,24.75436315908318,17.50776001191437,Diesel,0.3157728021802718
438,044,2024-04-03 23:05:00,52.46523265939784,-1.8953152422906794,0.31633256256983405,On,1.1759312297935947,3.795990750838009,17.50776001191437,Diesel,0.04842260044176013
439,044,2024-04-03 23:10:00,52.47871099516551,-1.9218015785040758,4.214559728692421,On,59.25387470647662,50.57471674430905,17.50776001191437,Diesel,0.6451436428880226
440,044,2024-04-03 23:15:00,52.46781626790144,-1.9264164805312562,1.04308631343797,On,8.281951324376532,12.51703576125564,17.50776001191437,Diesel,0.1596704157534366
441,045,2024-04-04 16:25:00,52.49760603203415,-1.8796657274313007,0.0,On,26.99329537720085,0.0,16.26861073272681,Petrol,0.0
442,045,2024-04-04 16:30:00,52.48979551050907,-1.8990679703458164,3.704185877588739,On,15.840140488546353,44.45023053106487,16.26861073272681,Petrol,0.5259618979029925
443,045,2024-04-04 16:35:00,52.46840099514579,-1.9020798289799692,1.5039930761800608,On,23.25887629517474,18.04791691416073,16.26861073272681,Petrol,0.2135538223302009
444,045,2024-04-04 16:40:00,52.490355477131615,-1.901740495592921,3.0863169558072525,On,18.594670079108937,37.03580346968703,16.26861073272681,Petrol,0.4382299315560416
445,045,2024-04-04 16:45:00,52.49510127523083,-1.9019265091587296,1.4315163898680405,On,12.089058202245145,17.178196678416487,16.26861073272681,Petrol,0.203262768709748
446,045,2024-04-04 16:50:00,52.468609689111496,-1.9069554189105657,3.7539854048400167,On,58.584213182457106,45.047824858080205,16.26861073272681,Petrol,0.5330329938828747
447,045,2024-04-04 16:55:00,52.491692401031045,-1.9260204211484893,2.391093012207228,On,10.875733222938237,28.693116146486734,16.26861073272681,Petrol,0.3395142307442073
448,045,2024-04-04 17:00:00,52.47383575362304,-1.905215902254971,2.1626135082219125,On,37.06784054899059,25.95136209866295,16.26861073272681,Petrol,0.3070721456223134
449,045,2024-04-04 17:05:00,52.491278147182555,-1.909420727249157,0.7205735852804728,On,8.766037263520724,8.646883023365675,16.26861073272681,Petrol,0.10231512753879128
450,045,2024-04-04 17:10:00,52.464162029526946,-1.894916235565461,3.034980481819052,On,61.21316762460086,36.41976578182862,16.26861073272681,Petrol,0.4309406026231053
451,046,2024-04-07 07:10:00,52.46839322474059,-1.8918761358765637,0.0,On,44.79940974602656,0.0,18.41349848696698,Petrol,0.0
452,046,2024-04-07 07:15:00,52.47156611163295,-1.8729342131217765,2.2894601383896753,On,11.363718159734525,27.473521660676106,18.41349848696698,Petrol,0.28721608353911904
453,046,2024-04-07 07:20:00,52.48518500427219,-1.911847766046918,0.6059883547317299,On,24.486589867545792,7.271860256780759,18.41349848696698,Petrol,0.07602211499466513
454,046,2024-04-07 07:25:00,52.46401776887249,-1.919350232308925,3.322416178563517,On,38.71869704948299,39.868994142762205,18.41349848696698,Petrol,0.41680191181018167
455,046,2024-04-07 07:30:00,52.49357261392839,-1.8669338525329442,4.177891193560539,On,21.08288268171449,50.13469432272647,18.41349848696698,Petrol,0.5241224889423237
456,046,2024-04-07 07:35:00,52.49213475533223,-1.8794494164848214,2.848098311413323,On,5.374605337866422,34.17717973695988,18.41349848696698,Petrol,0.3572980497987087
457,046,2024-04-07 07:40:00,52.48006299831642,-1.927739212323106,0.7612094985593728,On,23.676675094132214,9.134513982712475,18.41349848696698,Petrol,0.09549483184397237
458,046,2024-04-07 07:45:00,52.47417132240052,-1.9151473876184193,4.689892135975235,On,33.61176518955414,56.27870563170282,18.41349848696698,Petrol,0.5883537472127212
459,046,2024-04-07 07:50:00,52.499138997762465,-1.9180208816775752,1.3116804701024494,On,54.345059847341,15.740165641229392,18.41349848696698,Petrol,0.16455221087297836
460,046,2024-04-07 07:55:00,52.470537213586695,-1.881997535370345,4.851395117681178,On,20.319910243365907,58.21674141217414,18.41349848696698,Petrol,0.6086145297036089
461,047,2024-04-05 11:45:00,52.464044716628315,-1.894901677997437,0.0,On,39.591023538205036,0.0,16.04899835418648,Diesel,0.0
462,047,2024-04-05 11:50:00,52.49336383855538,-1.8955715837997684,1.508914191763733,Off,0.0,18.106970301164797,16.04899835418648,Diesel,0.2519714903498592
463,047,2024-04-05 11:55:00,52.497702774951264,-1.9137174825915335,1.8739029539048402,On,8.37157137446668,22.486835446858084,16.04899835418648,Diesel,0.3129204580642839
464,047,2024-04-05 12:00:00,52.492299510570795,-1.875548337409269,4.079845320665155,On,19.285262397772065,48.95814384798186,16.04899835418648,Diesel,0.6812877176556266
465,047,2024-04-05 12:05:00,52.484056439312496,-1.8840103233879446,2.151756058770487,On,21.212736937393252,25.821072705245843,16.04899835418648,Diesel,0.35931876309281474
466,047,2024-04-05 12:10:00,52.47672317641604,-1.8648067590903963,3.112105010316525,On,27.321829808186823,37.345260123798305,16.04899835418648,Diesel,0.519686103991196
467,047,2024-04-05 12:15:00,52.48790189069502,-1.9120471448433363,3.1565700681587763,On,17.12439178577906,37.87884081790532,16.04899835418648,Diesel,0.5271112623959351
468,047,2024-04-05 12:20:00,52.46401073206466,-1.9288042194851025,4.111217999245651,On,49.85695822459297,49.33461599094781,16.04899835418648,Diesel,0.6865265977863482
469,047,2024-04-05 12:25:00,52.47924217357226,-1.8787828971997027,2.955296615331762,On,15.099357437156254,35.46355938398115,16.04899835418648,Diesel,0.4935008873636709
470,047,2024-04-05 12:30:00,52.47120860386929,-1.8763343429890988,0.9260658604163042,On,25.917147488026416,11.112790324995652,16.04899835418648,Diesel,0.15464245500830823
471,048,2024-04-06 08:30:00,52.49829647701554,-1.9090313043961769,0.0,On,9.75508705669249,0.0,20.30150105213081,Diesel,0.0
472,048,2024-04-06 08:35:00,52.49498354642263,-1.8663006612134985,3.470565041396733,On,19.870892255833784,41.6467804967608,20.30150105213081,Diesel,0.45814909385564945
473,048,2024-04-06 08:40:00,52.47952735475284,-1.9121928639072168,3.272734945377522,On,17.827487001292816,39.27281934453026,20.30150105213081,Diesel,0.4320335541243724
474,048,2024-04-06 08:45:00,52.4771945221897,-1.864502208910195,3.3772397757339467,On,3.1701798926677407,40.526877308807364,20.30150105213081,Diesel,0.44582923083990383
475,048,2024-04-06 08:50:00,52.48772481660245,-1.8676285803950083,2.377900007430167,On,29.929620173085898,28.534800089162005,20.30150105213081,Diesel,0.313906444826353
476,048,2024-04-06 08:55:00,52.492966689331375,-1.8703344242312583,4.2512874279315795,On,46.44103801354763,51.015449135178955,20.30150105213081,Diesel,0.561212211727605
477,048,2024-04-06 09:00:00,52.49475851398509,-1.8999936430820024,3.9183038437623687,On,59.54239201084618,47.01964612514843,20.30150105213081,Diesel,0.5172550677074678
478,048,2024-04-06 09:05:00,52.48365422060809,-1.9145998075125492,3.0066336183280185,On,60.68604796538742,36.07960341993623,20.30150105213081,Diesel,0.3969055330651701
479,048,2024-04-06 09:10:00,52.464794679633044,-1.9111931122223134,1.3902840842157846,On,17.383042464003832,16.68340901058942,20.30150105213081,Diesel,0.1835313229366965
480,048,2024-04-06 09:15:00,52.48907811943419,-1.8628504444230425,2.750336496558418,On,9.032970711811972,33.00403795870102,20.30150105213081,Diesel,0.36307176458771867
481,049,2024-04-07 06:30:00,52.485165406508635,-1.885160334039089,0.0,On,1.2715905368526763,0.0,17.74838768188126,Diesel,0.0
482,049,2024-04-07 06:35:00,52.47156420471304,-1.9118879966835651,2.1472760178343555,On,34.08730667980503,25.767312214012268,17.74838768188126,Diesel,0.32423788746010185
483,049,2024-04-07 06:40:00,52.4764631792367,-1.9013550682166596,1.822602533554749,On,16.93631607715463,21.87123040265699,17.74838768188126,Diesel,0.2752123109702651
484,049,2024-04-07 06:45:00,52.46542679603355,-1.864959107218674,1.121917550019463,On,17.38812080218286,13.463010600233556,17.74838768188126,Diesel,0.16940913664634683
485,049,2024-04-07 06:50:00,52.48472907958179,-1.8736526175489212,3.5740317690897077,On,60.057308722043686,42.888381229076494,17.74838768188126,Diesel,0.5396774801656319
486,049,2024-04-07 06:55:00,52.48740543218863,-1.8758266577976226,1.4718517133533764,On,11.142963445393137,17.662220560240517,17.74838768188126,Diesel,0.22224906636527453
487,049,2024-04-07 07:00:00,52.488828651354474,-1.877381327025865,1.3753809333031362,On,53.070996394021755,16.504571199637635,17.74838768188126,Diesel,0.2076820141254488
488,049,2024-04-07 07:05:00,52.46565024930374,-1.8873275144987944,2.9237732365609586,On,32.67670931387606,35.085278838731504,17.74838768188126,Diesel,0.44148868136245345
489,049,2024-04-07 07:10:00,52.498100576126376,-1.8780627423989222,0.8752041715090507,On,23.127316211310415,10.502450058108609,17.74838768188126,Diesel,0.132155507400751
490,049,2024-04-07 07:15:00,52.46272196673575,-1.9255024849458482,4.748971328942082,On,15.493027383802731,56.98765594730498,17.74838768188126,Diesel,0.7170929207590839
491,050,2024-04-03 19:55:00,52.47253830502142,-1.9159585139139474,0.0,On,5.393511800972528,0.0,18.947088592010495,Petrol,0.0
492,050,2024-04-03 20:00:00,52.46448887877354,-1.901414786145442,2.3687846102552688,On,21.899149138700903,28.425415323063227,18.947088592010495,Petrol,0.2887985889292263
493,050,2024-04-03 20:05:00,52.47161969212286,-1.9174002688511822,1.4476132499684606,Off,0.0,17.371358999621528,18.947088592010495,Petrol,0.17649078860787182
494,050,2024-04-03 20:10:00,52.469701639758284,-1.8687741655378332,1.0953422167463263,On,14.636992010437297,13.144106600955915,18.947088592010495,Petrol,0.13354244418063005
495,050,2024-04-03 20:15:00,52.47600236732405,-1.9222562762636575,4.156042753011001,On,11.59034640357948,49.87251303613202,18.947088592010495,Petrol,0.5066983622752301
496,050,2024-04-03 20:20:00,52.48765235922041,-1.894525827793463,3.304249142059226,On,47.778751851418974,39.65098970471072,18.947088592010495,Petrol,0.40284899081410197
497,050,2024-04-03 20:25:00,52.479706988557,-1.866584644059277,1.4809740167512917,On,27.649712550496126,17.7716882010155,18.947088592010495,Petrol,0.18055808216034064
498,050,2024-04-03 20:30:00,52.48002624384384,-1.9117931445618195,3.6313912339747363,On,57.65022557595588,43.57669480769684,18.947088592010495,Petrol,0.44273365323360886
499,050,2024-04-03 20:35:00,52.46942647982049,-1.8785997204888432,1.1923109318378033,On,12.436140018625824,14.30773118205364,18.947088592010495,Petrol,0.1453647212958469
500,050,2024-04-03 20:40:00,52.47094968162556,-1.8686885743224217,3.330971924740754,On,56.37928055889296,39.97166309688905,18.947088592010495,Petrol,0.4061069915193058
